/*M!999999\- enable the sandbox mode */ 
-- MariaDB dump 10.19-12.1.2-MariaDB, for osx10.21 (arm64)
--
-- Host: localhost    Database: swimdb
-- ------------------------------------------------------
-- Server version	12.1.2-MariaDB

/*!40101 SET @OLD_CHARACTER_SET_CLIENT=@@CHARACTER_SET_CLIENT */;
/*!40101 SET @OLD_CHARACTER_SET_RESULTS=@@CHARACTER_SET_RESULTS */;
/*!40101 SET @OLD_COLLATION_CONNECTION=@@COLLATION_CONNECTION */;
/*!40101 SET NAMES utf8mb4 */;
/*!40103 SET @OLD_TIME_ZONE=@@TIME_ZONE */;
/*!40103 SET TIME_ZONE='+00:00' */;
/*!40014 SET @OLD_UNIQUE_CHECKS=@@UNIQUE_CHECKS, UNIQUE_CHECKS=0 */;
/*!40014 SET @OLD_FOREIGN_KEY_CHECKS=@@FOREIGN_KEY_CHECKS, FOREIGN_KEY_CHECKS=0 */;
/*!40101 SET @OLD_SQL_MODE=@@SQL_MODE, SQL_MODE='NO_AUTO_VALUE_ON_ZERO' */;
/*M!100616 SET @OLD_NOTE_VERBOSITY=@@NOTE_VERBOSITY, NOTE_VERBOSITY=0 */;

--
-- Table structure for table `events`
--

DROP TABLE IF EXISTS `events`;
/*!40101 SET @saved_cs_client     = @@character_set_client */;
/*!40101 SET character_set_client = utf8mb4 */;
CREATE TABLE `events` (
  `id` int(11) NOT NULL AUTO_INCREMENT,
  `distance` varchar(16) NOT NULL,
  `stroke` varchar(16) NOT NULL,
  PRIMARY KEY (`id`)
) ENGINE=InnoDB AUTO_INCREMENT=28 DEFAULT CHARSET=utf8mb4 COLLATE=utf8mb4_general_ci;
/*!40101 SET character_set_client = @saved_cs_client */;

--
-- Dumping data for table `events`
--

LOCK TABLES `events` WRITE;
/*!40000 ALTER TABLE `events` DISABLE KEYS */;
set autocommit=0;
INSERT INTO `events` VALUES
(14,'100m','Free'),
(15,'100m','Back'),
(16,'100m','Fly'),
(17,'50m','Back'),
(18,'200m','Free'),
(19,'200m','Back'),
(20,'50m','Free'),
(21,'50m','Breast'),
(22,'200m','IM'),
(23,'100m','Breast'),
(24,'400m','Free'),
(25,'50m','Fly'),
(26,'200m','Breast'),
(27,'100m','IM');
/*!40000 ALTER TABLE `events` ENABLE KEYS */;
UNLOCK TABLES;
commit;

--
-- Table structure for table `swimmers`
--

DROP TABLE IF EXISTS `swimmers`;
/*!40101 SET @saved_cs_client     = @@character_set_client */;
/*!40101 SET character_set_client = utf8mb4 */;
CREATE TABLE `swimmers` (
  `id` int(11) NOT NULL AUTO_INCREMENT,
  `name` varchar(32) NOT NULL,
  `age` int(11) NOT NULL,
  PRIMARY KEY (`id`)
) ENGINE=InnoDB AUTO_INCREMENT=394 DEFAULT CHARSET=utf8mb4 COLLATE=utf8mb4_general_ci;
/*!40101 SET character_set_client = @saved_cs_client */;

--
-- Dumping data for table `swimmers`
--

LOCK TABLES `swimmers` WRITE;
/*!40000 ALTER TABLE `swimmers` DISABLE KEYS */;
set autocommit=0;
INSERT INTO `swimmers` VALUES
(371,'Hannah',13),
(372,'Darius',13),
(373,'Owen',15),
(374,'Mike',15),
(375,'Abi',10),
(376,'Ruth',13),
(377,'Tasmin',15),
(378,'Erika',15),
(379,'Maria',9),
(380,'Elba',14),
(381,'Ali',12),
(382,'Chris',17),
(383,'Aurora',13),
(384,'Katie',9),
(385,'Alison',14),
(386,'Emma',13),
(387,'Calvin',9),
(388,'Blake',15),
(389,'Bill',18),
(390,'Dave',17),
(391,'Lizzie',14),
(392,'Carl',15),
(393,'Darius',8);
/*!40000 ALTER TABLE `swimmers` ENABLE KEYS */;
UNLOCK TABLES;
commit;

--
-- Table structure for table `times`
--

DROP TABLE IF EXISTS `times`;
/*!40101 SET @saved_cs_client     = @@character_set_client */;
/*!40101 SET character_set_client = utf8mb4 */;
CREATE TABLE `times` (
  `swimmer_id` int(11) NOT NULL,
  `event_id` int(11) NOT NULL,
  `time` varchar(16) NOT NULL,
  `ts` timestamp NULL DEFAULT current_timestamp()
) ENGINE=InnoDB DEFAULT CHARSET=utf8mb4 COLLATE=utf8mb4_general_ci;
/*!40101 SET character_set_client = @saved_cs_client */;

--
-- Dumping data for table `times`
--

LOCK TABLES `times` WRITE;
/*!40000 ALTER TABLE `times` DISABLE KEYS */;
set autocommit=0;
INSERT INTO `times` VALUES
(371,14,'1:21.43','2025-12-17 02:04:03'),
(371,14,'1:21.40','2025-12-17 02:04:03'),
(371,14,'1:21.62','2025-12-17 02:04:03'),
(371,14,'1:25.38','2025-12-17 02:04:03'),
(372,15,'1:22.57','2025-12-17 02:04:03'),
(372,15,'1:29.64','2025-12-17 02:04:03'),
(372,15,'1:20.39','2025-12-17 02:04:03'),
(372,15,'1:23.83','2025-12-17 02:04:03'),
(373,14,'1:15.57','2025-12-17 02:04:03'),
(373,14,'1:14.40','2025-12-17 02:04:03'),
(373,14,'1:19.82','2025-12-17 02:04:03'),
(373,14,'1:12.90','2025-12-17 02:04:03'),
(374,14,'1:02.52','2025-12-17 02:04:03'),
(374,14,'1:02.56','2025-12-17 02:04:03'),
(374,14,'1:06.41','2025-12-17 02:04:03'),
(374,14,'1:07.08','2025-12-17 02:04:03'),
(374,14,'1:02.56','2025-12-17 02:04:03'),
(374,14,'1:03.23','2025-12-17 02:04:03'),
(374,14,'1:04.54','2025-12-17 02:04:03'),
(371,15,'1:35.75','2025-12-17 02:04:03'),
(371,15,'1:32.78','2025-12-17 02:04:03'),
(371,15,'1:34.01','2025-12-17 02:04:03'),
(371,15,'1:32.57','2025-12-17 02:04:03'),
(374,15,'1:19.23','2025-12-17 02:04:03'),
(374,15,'1:13.70','2025-12-17 02:04:03'),
(374,15,'1:13.96','2025-12-17 02:04:03'),
(374,15,'1:15.94','2025-12-17 02:04:03'),
(374,16,'1:14.55','2025-12-17 02:04:03'),
(374,16,'1:14.15','2025-12-17 02:04:03'),
(374,16,'1:08.38','2025-12-17 02:04:03'),
(374,16,'1:08.74','2025-12-17 02:04:03'),
(374,16,'1:10.89','2025-12-17 02:04:03'),
(374,16,'1:09.47','2025-12-17 02:04:03'),
(374,16,'1:09.52','2025-12-17 02:04:03'),
(374,16,'1:09.86','2025-12-17 02:04:03'),
(374,16,'1:09.83','2025-12-17 02:04:03'),
(375,17,'41.50','2025-12-17 02:04:03'),
(375,17,'43.58','2025-12-17 02:04:03'),
(375,17,'42.35','2025-12-17 02:04:03'),
(375,17,'43.35','2025-12-17 02:04:03'),
(375,17,'39.85','2025-12-17 02:04:03'),
(375,17,'40.53','2025-12-17 02:04:03'),
(375,17,'42.14','2025-12-17 02:04:03'),
(375,17,'39.18','2025-12-17 02:04:03'),
(375,17,'40.89','2025-12-17 02:04:03'),
(375,17,'40.89','2025-12-17 02:04:03'),
(376,18,'2:22.64','2025-12-17 02:04:03'),
(376,18,'2:28.16','2025-12-17 02:04:03'),
(376,18,'2:28.38','2025-12-17 02:04:03'),
(376,18,'2:25.08','2025-12-17 02:04:03'),
(376,18,'2:25.64','2025-12-17 02:04:03'),
(376,18,'2:33.58','2025-12-17 02:04:03'),
(377,15,'1:19.63','2025-12-17 02:04:03'),
(377,15,'1:16.69','2025-12-17 02:04:03'),
(377,15,'1:19.68','2025-12-17 02:04:03'),
(377,15,'1:16.56','2025-12-17 02:04:03'),
(378,14,'1:19.04','2025-12-17 02:04:03'),
(378,14,'1:15.88','2025-12-17 02:04:03'),
(378,14,'1:18.62','2025-12-17 02:04:03'),
(378,14,'1:21.74','2025-12-17 02:04:03'),
(376,19,'2:56.68','2025-12-17 02:04:03'),
(376,19,'2:42.63','2025-12-17 02:04:03'),
(376,19,'2:40.90','2025-12-17 02:04:03'),
(376,19,'2:42.88','2025-12-17 02:04:03'),
(376,19,'2:46.09','2025-12-17 02:04:03'),
(375,20,'39.07','2025-12-17 02:04:03'),
(375,20,'37.66','2025-12-17 02:04:03'),
(375,20,'36.13','2025-12-17 02:04:03'),
(375,20,'39.42','2025-12-17 02:04:03'),
(379,20,'45.75','2025-12-17 02:04:03'),
(379,20,'41.62','2025-12-17 02:04:03'),
(379,20,'40.49','2025-12-17 02:04:03'),
(379,20,'41.00','2025-12-17 02:04:03'),
(380,14,'1:06.01','2025-12-17 02:04:03'),
(380,14,'1:06.93','2025-12-17 02:04:03'),
(380,14,'1:05.34','2025-12-17 02:04:03'),
(380,14,'1:06.10','2025-12-17 02:04:03'),
(377,14,'1:08.87','2025-12-17 02:04:03'),
(377,14,'1:07.34','2025-12-17 02:04:03'),
(377,14,'1:11.00','2025-12-17 02:04:03'),
(377,14,'1:08.62','2025-12-17 02:04:03'),
(377,14,'1:10.94','2025-12-17 02:04:03'),
(377,14,'1:09.52','2025-12-17 02:04:03'),
(377,14,'1:12.04','2025-12-17 02:04:03'),
(377,14,'1:10.91','2025-12-17 02:04:03'),
(375,15,'1:31.59','2025-12-17 02:04:03'),
(375,15,'1:26.55','2025-12-17 02:04:03'),
(375,15,'1:28.75','2025-12-17 02:04:03'),
(375,15,'1:39.79','2025-12-17 02:04:03'),
(375,15,'1:32.37','2025-12-17 02:04:03'),
(375,21,'48.08','2025-12-17 02:04:03'),
(375,21,'53.17','2025-12-17 02:04:03'),
(375,21,'45.76','2025-12-17 02:04:03'),
(375,21,'49.28','2025-12-17 02:04:03'),
(375,21,'52.85','2025-12-17 02:04:03'),
(375,21,'46.19','2025-12-17 02:04:03'),
(375,21,'47.76','2025-12-17 02:04:03'),
(375,21,'48.83','2025-12-17 02:04:03'),
(375,21,'45.71','2025-12-17 02:04:03'),
(375,21,'47.76','2025-12-17 02:04:03'),
(374,22,'2:48.05','2025-12-17 02:04:03'),
(374,22,'2:44.03','2025-12-17 02:04:03'),
(374,22,'2:38.93','2025-12-17 02:04:03'),
(374,22,'2:54.86','2025-12-17 02:04:03'),
(381,15,'1:36.54','2025-12-17 02:04:03'),
(381,15,'1:39.10','2025-12-17 02:04:03'),
(381,15,'1:39.45','2025-12-17 02:04:03'),
(381,15,'1:42.87','2025-12-17 02:04:03'),
(376,15,'1:17.16','2025-12-17 02:04:03'),
(376,15,'1:16.65','2025-12-17 02:04:03'),
(376,15,'1:23.11','2025-12-17 02:04:03'),
(376,15,'1:14.37','2025-12-17 02:04:03'),
(376,15,'1:18.16','2025-12-17 02:04:03'),
(376,15,'1:18.28','2025-12-17 02:04:03'),
(376,15,'1:16.87','2025-12-17 02:04:03'),
(376,15,'1:17.37','2025-12-17 02:04:03'),
(376,15,'1:20.46','2025-12-17 02:04:03'),
(382,15,'1:21.76','2025-12-17 02:04:03'),
(382,15,'1:23.32','2025-12-17 02:04:03'),
(382,15,'1:24.09','2025-12-17 02:04:03'),
(382,15,'1:21.51','2025-12-17 02:04:03'),
(381,14,'1:27.31','2025-12-17 02:04:03'),
(381,14,'1:27.00','2025-12-17 02:04:03'),
(381,14,'1:27.46','2025-12-17 02:04:03'),
(381,14,'1:22.50','2025-12-17 02:04:03'),
(381,14,'1:20.39','2025-12-17 02:04:03'),
(381,14,'1:26.04','2025-12-17 02:04:03'),
(381,14,'1:20.22','2025-12-17 02:04:03'),
(372,23,'1:30.24','2025-12-17 02:04:03'),
(372,23,'1:33.18','2025-12-17 02:04:03'),
(372,23,'1:32.73','2025-12-17 02:04:03'),
(372,23,'1:33.05','2025-12-17 02:04:03'),
(372,23,'1:30.81','2025-12-17 02:04:03'),
(372,23,'1:31.74','2025-12-17 02:04:03'),
(372,23,'1:31.53','2025-12-17 02:04:03'),
(372,23,'1:33.05','2025-12-17 02:04:03'),
(376,14,'1:07.99','2025-12-17 02:04:03'),
(376,14,'1:11.87','2025-12-17 02:04:03'),
(376,14,'1:11.08','2025-12-17 02:04:03'),
(376,14,'1:09.75','2025-12-17 02:04:03'),
(383,20,'30.05','2025-12-17 02:04:03'),
(383,20,'30.21','2025-12-17 02:04:03'),
(383,20,'28.86','2025-12-17 02:04:03'),
(383,20,'30.65','2025-12-17 02:04:03'),
(383,20,'30.03','2025-12-17 02:04:03'),
(383,20,'29.64','2025-12-17 02:04:03'),
(383,20,'29.82','2025-12-17 02:04:03'),
(384,23,'1:50.10','2025-12-17 02:04:03'),
(384,23,'1:47.12','2025-12-17 02:04:03'),
(384,23,'1:54.65','2025-12-17 02:04:03'),
(384,23,'1:51.03','2025-12-17 02:04:03'),
(385,23,'1:34.71','2025-12-17 02:04:03'),
(385,23,'1:37.87','2025-12-17 02:04:03'),
(385,23,'1:35.15','2025-12-17 02:04:03'),
(385,23,'1:37.20','2025-12-17 02:04:03'),
(385,23,'1:36.29','2025-12-17 02:04:03'),
(385,23,'1:36.00','2025-12-17 02:04:03'),
(385,23,'1:35.63','2025-12-17 02:04:03'),
(385,23,'1:35.42','2025-12-17 02:04:03'),
(385,23,'1:42.01','2025-12-17 02:04:03'),
(376,24,'5:11.32','2025-12-17 02:04:03'),
(376,24,'5:04.12','2025-12-17 02:04:03'),
(376,24,'5:20.67','2025-12-17 02:04:03'),
(376,24,'5:08.31','2025-12-17 02:04:03'),
(376,24,'5:04.32','2025-12-17 02:04:03'),
(376,24,'5:06.77','2025-12-17 02:04:03'),
(376,24,'5:13.01','2025-12-17 02:04:03'),
(386,14,'1:32.21','2025-12-17 02:04:03'),
(386,14,'1:33.68','2025-12-17 02:04:03'),
(386,14,'1:34.10','2025-12-17 02:04:03'),
(386,14,'1:28.57','2025-12-17 02:04:03'),
(387,25,'39.47','2025-12-17 02:04:03'),
(387,25,'37.30','2025-12-17 02:04:03'),
(387,25,'41.90','2025-12-17 02:04:03'),
(387,25,'42.85','2025-12-17 02:04:03'),
(387,25,'39.90','2025-12-17 02:04:03'),
(387,25,'38.66','2025-12-17 02:04:03'),
(387,25,'38.84','2025-12-17 02:04:03'),
(387,25,'37.65','2025-12-17 02:04:03'),
(387,25,'39.68','2025-12-17 02:04:03'),
(387,25,'37.18','2025-12-17 02:04:03'),
(387,25,'43.61','2025-12-17 02:04:03'),
(372,16,'1:27.95','2025-12-17 02:04:03'),
(372,16,'1:21.07','2025-12-17 02:04:03'),
(372,16,'1:30.96','2025-12-17 02:04:03'),
(372,16,'1:23.22','2025-12-17 02:04:03'),
(372,16,'1:27.95','2025-12-17 02:04:03'),
(372,16,'1:28.30','2025-12-17 02:04:03'),
(374,18,'2:19.77','2025-12-17 02:04:03'),
(374,18,'2:41.57','2025-12-17 02:04:03'),
(374,18,'2:27.88','2025-12-17 02:04:03'),
(374,18,'2:37.28','2025-12-17 02:04:03'),
(386,23,'2:01.15','2025-12-17 02:04:03'),
(386,23,'1:57.86','2025-12-17 02:04:03'),
(386,23,'1:59.38','2025-12-17 02:04:03'),
(386,23,'1:57.94','2025-12-17 02:04:03'),
(386,23,'1:56.97','2025-12-17 02:04:03'),
(377,23,'1:20.59','2025-12-17 02:04:03'),
(377,23,'1:26.48','2025-12-17 02:04:03'),
(377,23,'1:24.15','2025-12-17 02:04:03'),
(377,23,'1:21.96','2025-12-17 02:04:03'),
(388,14,'1:02.13','2025-12-17 02:04:03'),
(388,14,'1:03.25','2025-12-17 02:04:03'),
(388,14,'1:04.16','2025-12-17 02:04:03'),
(388,14,'1:03.17','2025-12-17 02:04:03'),
(388,14,'1:04.84','2025-12-17 02:04:03'),
(388,14,'1:03.88','2025-12-17 02:04:03'),
(388,14,'1:04.87','2025-12-17 02:04:03'),
(375,23,'1:42.97','2025-12-17 02:04:03'),
(375,23,'1:43.31','2025-12-17 02:04:03'),
(375,23,'1:43.50','2025-12-17 02:04:03'),
(375,23,'1:40.34','2025-12-17 02:04:03'),
(382,23,'1:28.86','2025-12-17 02:04:03'),
(382,23,'1:29.90','2025-12-17 02:04:03'),
(382,23,'1:28.12','2025-12-17 02:04:03'),
(382,23,'1:28.67','2025-12-17 02:04:03'),
(388,15,'1:12.71','2025-12-17 02:04:03'),
(388,15,'1:19.87','2025-12-17 02:04:03'),
(388,15,'1:14.94','2025-12-17 02:04:03'),
(388,15,'1:11.53','2025-12-17 02:04:03'),
(388,15,'1:14.94','2025-12-17 02:04:03'),
(389,19,'2:29.06','2025-12-17 02:04:03'),
(389,19,'2:21.49','2025-12-17 02:04:03'),
(389,19,'2:24.13','2025-12-17 02:04:03'),
(389,19,'2:29.40','2025-12-17 02:04:03'),
(372,22,'3:03.84','2025-12-17 02:04:03'),
(372,22,'3:04.27','2025-12-17 02:04:03'),
(372,22,'3:01.49','2025-12-17 02:04:03'),
(372,22,'3:04.27','2025-12-17 02:04:03'),
(372,22,'2:52.44','2025-12-17 02:04:03'),
(390,14,'59.21','2025-12-17 02:04:03'),
(390,14,'59.27','2025-12-17 02:04:03'),
(390,14,'58.67','2025-12-17 02:04:03'),
(390,14,'59.72','2025-12-17 02:04:03'),
(390,14,'59.17','2025-12-17 02:04:03'),
(385,14,'1:13.86','2025-12-17 02:04:03'),
(385,14,'1:12.00','2025-12-17 02:04:03'),
(385,14,'1:14.69','2025-12-17 02:04:03'),
(385,14,'1:10.01','2025-12-17 02:04:03'),
(385,14,'1:12.24','2025-12-17 02:04:03'),
(385,14,'1:11.00','2025-12-17 02:04:03'),
(385,14,'1:11.20','2025-12-17 02:04:03'),
(385,14,'1:12.28','2025-12-17 02:04:03'),
(385,14,'1:15.46','2025-12-17 02:04:03'),
(385,14,'1:16.03','2025-12-17 02:04:03'),
(391,14,'1:21.08','2025-12-17 02:04:03'),
(391,14,'1:11.23','2025-12-17 02:04:03'),
(391,14,'1:12.46','2025-12-17 02:04:03'),
(391,14,'1:16.73','2025-12-17 02:04:03'),
(384,25,'40.11','2025-12-17 02:04:03'),
(384,25,'45.43','2025-12-17 02:04:03'),
(384,25,'50.17','2025-12-17 02:04:03'),
(384,25,'43.58','2025-12-17 02:04:03'),
(384,25,'52.61','2025-12-17 02:04:03'),
(384,21,'47.44','2025-12-17 02:04:03'),
(384,21,'52.32','2025-12-17 02:04:03'),
(384,21,'57.16','2025-12-17 02:04:03'),
(384,21,'56.77','2025-12-17 02:04:03'),
(384,17,'43.25','2025-12-17 02:04:03'),
(384,17,'47.35','2025-12-17 02:04:03'),
(384,17,'46.12','2025-12-17 02:04:03'),
(384,17,'45.69','2025-12-17 02:04:03'),
(391,15,'1:27.10','2025-12-17 02:04:03'),
(391,15,'1:26.21','2025-12-17 02:04:03'),
(391,15,'1:26.42','2025-12-17 02:04:03'),
(391,15,'1:35.79','2025-12-17 02:04:03'),
(391,15,'1:30.47','2025-12-17 02:04:03'),
(377,26,'2:54.14','2025-12-17 02:04:03'),
(377,26,'3:03.58','2025-12-17 02:04:03'),
(377,26,'3:02.43','2025-12-17 02:04:03'),
(377,26,'2:57.99','2025-12-17 02:04:03'),
(384,20,'38.94','2025-12-17 02:04:03'),
(384,20,'37.76','2025-12-17 02:04:03'),
(384,20,'41.83','2025-12-17 02:04:03'),
(384,20,'42.81','2025-12-17 02:04:03'),
(390,19,'2:35.46','2025-12-17 02:04:03'),
(390,19,'2:28.30','2025-12-17 02:04:03'),
(390,19,'2:35.35','2025-12-17 02:04:03'),
(390,19,'2:28.84','2025-12-17 02:04:03'),
(378,26,'3:27.51','2025-12-17 02:04:03'),
(378,26,'3:34.70','2025-12-17 02:04:03'),
(378,26,'3:27.15','2025-12-17 02:04:03'),
(378,26,'3:28.45','2025-12-17 02:04:03'),
(378,26,'3:34.79','2025-12-17 02:04:03'),
(378,26,'3:30.21','2025-12-17 02:04:03'),
(378,26,'3:33.74','2025-12-17 02:04:03'),
(387,17,'38.79','2025-12-17 02:04:03'),
(387,17,'39.03','2025-12-17 02:04:03'),
(387,17,'41.29','2025-12-17 02:04:03'),
(387,17,'39.66','2025-12-17 02:04:03'),
(387,17,'41.13','2025-12-17 02:04:03'),
(387,17,'38.57','2025-12-17 02:04:03'),
(387,17,'39.40','2025-12-17 02:04:03'),
(387,17,'41.06','2025-12-17 02:04:03'),
(387,17,'40.37','2025-12-17 02:04:03'),
(387,17,'43.05','2025-12-17 02:04:03'),
(387,17,'37.85','2025-12-17 02:04:03'),
(387,20,'35.78','2025-12-17 02:04:03'),
(387,20,'36.19','2025-12-17 02:04:03'),
(387,20,'36.89','2025-12-17 02:04:03'),
(387,20,'34.29','2025-12-17 02:04:03'),
(387,20,'34.18','2025-12-17 02:04:03'),
(387,20,'35.94','2025-12-17 02:04:03'),
(392,15,'1:29.78','2025-12-17 02:04:03'),
(392,15,'1:28.38','2025-12-17 02:04:03'),
(392,15,'1:25.03','2025-12-17 02:04:03'),
(392,15,'1:25.66','2025-12-17 02:04:03'),
(389,15,'1:11.34','2025-12-17 02:04:03'),
(389,15,'1:05.81','2025-12-17 02:04:03'),
(389,15,'1:05.75','2025-12-17 02:04:03'),
(389,15,'1:05.82','2025-12-17 02:04:03'),
(384,14,'1:20.81','2025-12-17 02:04:03'),
(384,14,'1:23.61','2025-12-17 02:04:03'),
(384,14,'1:24.80','2025-12-17 02:04:03'),
(384,14,'1:22.05','2025-12-17 02:04:03'),
(384,14,'1:22.58','2025-12-17 02:04:03'),
(384,14,'1:23.94','2025-12-17 02:04:03'),
(388,16,'1:11.49','2025-12-17 02:04:03'),
(388,16,'1:10.16','2025-12-17 02:04:03'),
(388,16,'1:12.59','2025-12-17 02:04:03'),
(388,16,'1:11.63','2025-12-17 02:04:03'),
(388,16,'1:09.43','2025-12-17 02:04:03'),
(378,23,'1:36.72','2025-12-17 02:04:03'),
(378,23,'1:34.78','2025-12-17 02:04:03'),
(378,23,'1:34.05','2025-12-17 02:04:03'),
(378,23,'1:32.78','2025-12-17 02:04:03'),
(378,23,'1:33.51','2025-12-17 02:04:03'),
(378,23,'1:33.29','2025-12-17 02:04:03'),
(378,23,'1:36.47','2025-12-17 02:04:03'),
(378,23,'1:31.82','2025-12-17 02:04:03'),
(384,15,'1:33.36','2025-12-17 02:04:03'),
(384,15,'1:31.52','2025-12-17 02:04:03'),
(384,15,'1:28.10','2025-12-17 02:04:03'),
(384,15,'1:33.37','2025-12-17 02:04:03'),
(384,15,'1:32.89','2025-12-17 02:04:03'),
(384,15,'1:33.38','2025-12-17 02:04:03'),
(384,15,'1:32.03','2025-12-17 02:04:03'),
(384,15,'1:32.71','2025-12-17 02:04:03'),
(381,15,'1:36.54','2025-12-17 19:20:39'),
(381,15,'1:39.10','2025-12-17 19:20:39'),
(381,15,'1:39.45','2025-12-17 19:20:39'),
(381,15,'1:42.87','2025-12-17 19:20:39'),
(372,15,'1:22.57','2025-12-17 19:20:39'),
(372,15,'1:29.64','2025-12-17 19:20:39'),
(372,15,'1:20.39','2025-12-17 19:20:39'),
(372,15,'1:23.83','2025-12-17 19:20:39'),
(390,14,'59.21','2025-12-17 19:20:39'),
(390,14,'59.27','2025-12-17 19:20:39'),
(390,14,'58.67','2025-12-17 19:20:39'),
(390,14,'59.72','2025-12-17 19:20:39'),
(390,14,'59.17','2025-12-17 19:20:39'),
(382,23,'1:28.86','2025-12-17 19:20:39'),
(382,23,'1:29.90','2025-12-17 19:20:39'),
(382,23,'1:28.12','2025-12-17 19:20:39'),
(382,23,'1:28.67','2025-12-17 19:20:39'),
(380,14,'1:06.01','2025-12-17 19:20:39'),
(380,14,'1:06.93','2025-12-17 19:20:39'),
(380,14,'1:05.34','2025-12-17 19:20:39'),
(380,14,'1:06.10','2025-12-17 19:20:39'),
(375,20,'39.07','2025-12-17 19:20:39'),
(375,20,'37.66','2025-12-17 19:20:39'),
(375,20,'36.13','2025-12-17 19:20:39'),
(375,20,'39.42','2025-12-17 19:20:39'),
(388,14,'1:02.13','2025-12-17 19:20:39'),
(388,14,'1:03.25','2025-12-17 19:20:39'),
(388,14,'1:04.16','2025-12-17 19:20:39'),
(388,14,'1:03.17','2025-12-17 19:20:39'),
(388,14,'1:04.84','2025-12-17 19:20:39'),
(388,14,'1:03.88','2025-12-17 19:20:39'),
(388,14,'1:04.87','2025-12-17 19:20:39'),
(381,14,'1:27.31','2025-12-17 19:20:39'),
(381,14,'1:27.00','2025-12-17 19:20:39'),
(381,14,'1:27.46','2025-12-17 19:20:39'),
(381,14,'1:22.50','2025-12-17 19:20:39'),
(381,14,'1:20.39','2025-12-17 19:20:39'),
(381,14,'1:26.04','2025-12-17 19:20:39'),
(381,14,'1:20.22','2025-12-17 19:20:39'),
(377,14,'1:08.87','2025-12-17 19:20:39'),
(377,14,'1:07.34','2025-12-17 19:20:39'),
(377,14,'1:11.00','2025-12-17 19:20:39'),
(377,14,'1:08.62','2025-12-17 19:20:39'),
(377,14,'1:10.94','2025-12-17 19:20:39'),
(377,14,'1:09.52','2025-12-17 19:20:39'),
(377,14,'1:12.04','2025-12-17 19:20:39'),
(377,14,'1:10.91','2025-12-17 19:20:39'),
(376,19,'2:56.68','2025-12-17 19:20:39'),
(376,19,'2:42.63','2025-12-17 19:20:39'),
(376,19,'2:40.90','2025-12-17 19:20:39'),
(376,19,'2:42.88','2025-12-17 19:20:39'),
(376,19,'2:46.09','2025-12-17 19:20:39'),
(376,18,'2:22.64','2025-12-17 19:20:39'),
(376,18,'2:28.16','2025-12-17 19:20:39'),
(376,18,'2:28.38','2025-12-17 19:20:39'),
(376,18,'2:25.08','2025-12-17 19:20:39'),
(376,18,'2:25.64','2025-12-17 19:20:39'),
(376,18,'2:33.58','2025-12-17 19:20:39'),
(378,14,'1:19.04','2025-12-17 19:20:39'),
(378,14,'1:15.88','2025-12-17 19:20:39'),
(378,14,'1:18.62','2025-12-17 19:20:39'),
(378,14,'1:21.74','2025-12-17 19:20:39'),
(384,17,'43.25','2025-12-17 19:20:39'),
(384,17,'47.35','2025-12-17 19:20:39'),
(384,17,'46.12','2025-12-17 19:20:39'),
(384,17,'45.69','2025-12-17 19:20:39'),
(373,14,'1:15.57','2025-12-17 19:20:39'),
(373,14,'1:14.40','2025-12-17 19:20:39'),
(373,14,'1:19.82','2025-12-17 19:20:39'),
(373,14,'1:12.90','2025-12-17 19:20:39'),
(390,19,'2:35.46','2025-12-17 19:20:39'),
(390,19,'2:28.30','2025-12-17 19:20:39'),
(390,19,'2:35.35','2025-12-17 19:20:39'),
(390,19,'2:28.84','2025-12-17 19:20:39'),
(372,16,'1:27.95','2025-12-17 19:20:39'),
(372,16,'1:21.07','2025-12-17 19:20:39'),
(372,16,'1:30.96','2025-12-17 19:20:39'),
(372,16,'1:23.22','2025-12-17 19:20:39'),
(372,16,'1:27.95','2025-12-17 19:20:39'),
(372,16,'1:28.30','2025-12-17 19:20:39'),
(385,23,'1:34.71','2025-12-17 19:20:39'),
(385,23,'1:37.87','2025-12-17 19:20:39'),
(385,23,'1:35.15','2025-12-17 19:20:39'),
(385,23,'1:37.20','2025-12-17 19:20:39'),
(385,23,'1:36.29','2025-12-17 19:20:39'),
(385,23,'1:36.00','2025-12-17 19:20:39'),
(385,23,'1:35.63','2025-12-17 19:20:39'),
(385,23,'1:35.42','2025-12-17 19:20:39'),
(385,23,'1:42.01','2025-12-17 19:20:39'),
(379,20,'45.75','2025-12-17 19:20:39'),
(379,20,'41.62','2025-12-17 19:20:39'),
(379,20,'40.49','2025-12-17 19:20:39'),
(379,20,'41.00','2025-12-17 19:20:39'),
(387,17,'38.79','2025-12-17 19:20:39'),
(387,17,'39.03','2025-12-17 19:20:39'),
(387,17,'41.29','2025-12-17 19:20:39'),
(387,17,'39.66','2025-12-17 19:20:39'),
(387,17,'41.13','2025-12-17 19:20:39'),
(387,17,'38.57','2025-12-17 19:20:39'),
(387,17,'39.40','2025-12-17 19:20:39'),
(387,17,'41.06','2025-12-17 19:20:39'),
(387,17,'40.37','2025-12-17 19:20:39'),
(387,17,'43.05','2025-12-17 19:20:39'),
(387,17,'37.85','2025-12-17 19:20:39'),
(387,25,'39.47','2025-12-17 19:20:39'),
(387,25,'37.30','2025-12-17 19:20:39'),
(387,25,'41.90','2025-12-17 19:20:39'),
(387,25,'42.85','2025-12-17 19:20:39'),
(387,25,'39.90','2025-12-17 19:20:39'),
(387,25,'38.66','2025-12-17 19:20:39'),
(387,25,'38.84','2025-12-17 19:20:39'),
(387,25,'37.65','2025-12-17 19:20:39'),
(387,25,'39.68','2025-12-17 19:20:39'),
(387,25,'37.18','2025-12-17 19:20:39'),
(387,25,'43.61','2025-12-17 19:20:39'),
(384,15,'1:33.36','2025-12-17 19:20:39'),
(384,15,'1:31.52','2025-12-17 19:20:39'),
(384,15,'1:28.10','2025-12-17 19:20:39'),
(384,15,'1:33.37','2025-12-17 19:20:39'),
(384,15,'1:32.89','2025-12-17 19:20:39'),
(384,15,'1:33.38','2025-12-17 19:20:39'),
(384,15,'1:32.03','2025-12-17 19:20:39'),
(384,15,'1:32.71','2025-12-17 19:20:39'),
(377,23,'1:20.59','2025-12-17 19:20:39'),
(377,23,'1:26.48','2025-12-17 19:20:39'),
(377,23,'1:24.15','2025-12-17 19:20:39'),
(377,23,'1:21.96','2025-12-17 19:20:39'),
(372,22,'3:03.84','2025-12-17 19:20:39'),
(372,22,'3:04.27','2025-12-17 19:20:39'),
(372,22,'3:01.49','2025-12-17 19:20:39'),
(372,22,'3:04.27','2025-12-17 19:20:39'),
(372,22,'2:52.44','2025-12-17 19:20:39'),
(389,15,'1:11.34','2025-12-17 19:20:39'),
(389,15,'1:05.81','2025-12-17 19:20:39'),
(389,15,'1:05.75','2025-12-17 19:20:39'),
(389,15,'1:05.82','2025-12-17 19:20:39'),
(389,19,'2:29.06','2025-12-17 19:20:39'),
(389,19,'2:21.49','2025-12-17 19:20:39'),
(389,19,'2:24.13','2025-12-17 19:20:39'),
(389,19,'2:29.40','2025-12-17 19:20:39'),
(375,17,'41.50','2025-12-17 19:20:39'),
(375,17,'43.58','2025-12-17 19:20:39'),
(375,17,'42.35','2025-12-17 19:20:39'),
(375,17,'43.35','2025-12-17 19:20:39'),
(375,17,'39.85','2025-12-17 19:20:39'),
(375,17,'40.53','2025-12-17 19:20:39'),
(375,17,'42.14','2025-12-17 19:20:39'),
(375,17,'39.18','2025-12-17 19:20:39'),
(375,17,'40.89','2025-12-17 19:20:39'),
(375,17,'40.89','2025-12-17 19:20:39'),
(385,14,'1:13.86','2025-12-17 19:20:39'),
(385,14,'1:12.00','2025-12-17 19:20:39'),
(385,14,'1:14.69','2025-12-17 19:20:39'),
(385,14,'1:10.01','2025-12-17 19:20:39'),
(385,14,'1:12.24','2025-12-17 19:20:39'),
(385,14,'1:11.00','2025-12-17 19:20:39'),
(385,14,'1:11.20','2025-12-17 19:20:39'),
(385,14,'1:12.28','2025-12-17 19:20:39'),
(385,14,'1:15.46','2025-12-17 19:20:39'),
(385,14,'1:16.03','2025-12-17 19:20:39'),
(378,26,'3:27.51','2025-12-17 19:20:39'),
(378,26,'3:34.70','2025-12-17 19:20:39'),
(378,26,'3:27.15','2025-12-17 19:20:39'),
(378,26,'3:28.45','2025-12-17 19:20:39'),
(378,26,'3:34.79','2025-12-17 19:20:39'),
(378,26,'3:30.21','2025-12-17 19:20:39'),
(378,26,'3:33.74','2025-12-17 19:20:39'),
(386,23,'2:01.15','2025-12-17 19:20:39'),
(386,23,'1:57.86','2025-12-17 19:20:39'),
(386,23,'1:59.38','2025-12-17 19:20:39'),
(386,23,'1:57.94','2025-12-17 19:20:39'),
(386,23,'1:56.97','2025-12-17 19:20:39'),
(386,14,'1:32.21','2025-12-17 19:20:39'),
(386,14,'1:33.68','2025-12-17 19:20:39'),
(386,14,'1:34.10','2025-12-17 19:20:39'),
(386,14,'1:28.57','2025-12-17 19:20:39'),
(388,16,'1:11.49','2025-12-17 19:20:39'),
(388,16,'1:10.16','2025-12-17 19:20:39'),
(388,16,'1:12.59','2025-12-17 19:20:39'),
(388,16,'1:11.63','2025-12-17 19:20:39'),
(388,16,'1:09.43','2025-12-17 19:20:39'),
(374,14,'1:02.52','2025-12-17 19:20:39'),
(374,14,'1:02.56','2025-12-17 19:20:39'),
(374,14,'1:06.41','2025-12-17 19:20:39'),
(374,14,'1:07.08','2025-12-17 19:20:39'),
(374,14,'1:02.56','2025-12-17 19:20:39'),
(374,14,'1:03.23','2025-12-17 19:20:39'),
(374,14,'1:04.54','2025-12-17 19:20:39'),
(383,20,'30.05','2025-12-17 19:20:39'),
(383,20,'30.21','2025-12-17 19:20:39'),
(383,20,'28.86','2025-12-17 19:20:39'),
(383,20,'30.65','2025-12-17 19:20:39'),
(383,20,'30.03','2025-12-17 19:20:39'),
(383,20,'29.64','2025-12-17 19:20:39'),
(383,20,'29.82','2025-12-17 19:20:39'),
(392,15,'1:29.78','2025-12-17 19:20:39'),
(392,15,'1:28.38','2025-12-17 19:20:39'),
(392,15,'1:25.03','2025-12-17 19:20:39'),
(392,15,'1:25.66','2025-12-17 19:20:39'),
(378,23,'1:36.72','2025-12-17 19:20:39'),
(378,23,'1:34.78','2025-12-17 19:20:39'),
(378,23,'1:34.05','2025-12-17 19:20:39'),
(378,23,'1:32.78','2025-12-17 19:20:39'),
(378,23,'1:33.51','2025-12-17 19:20:39'),
(378,23,'1:33.29','2025-12-17 19:20:39'),
(378,23,'1:36.47','2025-12-17 19:20:39'),
(378,23,'1:31.82','2025-12-17 19:20:39'),
(382,15,'1:21.76','2025-12-17 19:20:39'),
(382,15,'1:23.32','2025-12-17 19:20:39'),
(382,15,'1:24.09','2025-12-17 19:20:39'),
(382,15,'1:21.51','2025-12-17 19:20:39'),
(375,15,'1:31.59','2025-12-17 19:20:39'),
(375,15,'1:26.55','2025-12-17 19:20:39'),
(375,15,'1:28.75','2025-12-17 19:20:39'),
(375,15,'1:39.79','2025-12-17 19:20:39'),
(375,15,'1:32.37','2025-12-17 19:20:39'),
(384,23,'1:50.10','2025-12-17 19:20:39'),
(384,23,'1:47.12','2025-12-17 19:20:39'),
(384,23,'1:54.65','2025-12-17 19:20:39'),
(384,23,'1:51.03','2025-12-17 19:20:39'),
(374,16,'1:14.55','2025-12-17 19:20:39'),
(374,16,'1:14.15','2025-12-17 19:20:39'),
(374,16,'1:08.38','2025-12-17 19:20:39'),
(374,16,'1:08.74','2025-12-17 19:20:39'),
(374,16,'1:10.89','2025-12-17 19:20:39'),
(374,16,'1:09.47','2025-12-17 19:20:39'),
(374,16,'1:09.52','2025-12-17 19:20:39'),
(374,16,'1:09.86','2025-12-17 19:20:39'),
(374,16,'1:09.83','2025-12-17 19:20:39'),
(372,23,'1:30.24','2025-12-17 19:20:39'),
(372,23,'1:33.18','2025-12-17 19:20:39'),
(372,23,'1:32.73','2025-12-17 19:20:39'),
(372,23,'1:33.05','2025-12-17 19:20:39'),
(372,23,'1:30.81','2025-12-17 19:20:39'),
(372,23,'1:31.74','2025-12-17 19:20:39'),
(372,23,'1:31.53','2025-12-17 19:20:39'),
(372,23,'1:33.05','2025-12-17 19:20:39'),
(377,15,'1:19.63','2025-12-17 19:20:39'),
(377,15,'1:16.69','2025-12-17 19:20:39'),
(377,15,'1:19.68','2025-12-17 19:20:39'),
(377,15,'1:16.56','2025-12-17 19:20:39'),
(384,20,'38.94','2025-12-17 19:20:39'),
(384,20,'37.76','2025-12-17 19:20:39'),
(384,20,'41.83','2025-12-17 19:20:39'),
(384,20,'42.81','2025-12-17 19:20:39'),
(376,15,'1:17.16','2025-12-17 19:20:39'),
(376,15,'1:16.65','2025-12-17 19:20:39'),
(376,15,'1:23.11','2025-12-17 19:20:39'),
(376,15,'1:14.37','2025-12-17 19:20:39'),
(376,15,'1:18.16','2025-12-17 19:20:39'),
(376,15,'1:18.28','2025-12-17 19:20:39'),
(376,15,'1:16.87','2025-12-17 19:20:39'),
(376,15,'1:17.37','2025-12-17 19:20:39'),
(376,15,'1:20.46','2025-12-17 19:20:39'),
(377,26,'2:54.14','2025-12-17 19:20:39'),
(377,26,'3:03.58','2025-12-17 19:20:39'),
(377,26,'3:02.43','2025-12-17 19:20:39'),
(377,26,'2:57.99','2025-12-17 19:20:39'),
(376,14,'1:07.99','2025-12-17 19:20:39'),
(376,14,'1:11.87','2025-12-17 19:20:39'),
(376,14,'1:11.08','2025-12-17 19:20:39'),
(376,14,'1:09.75','2025-12-17 19:20:39'),
(375,23,'1:42.97','2025-12-17 19:20:39'),
(375,23,'1:43.31','2025-12-17 19:20:39'),
(375,23,'1:43.50','2025-12-17 19:20:39'),
(375,23,'1:40.34','2025-12-17 19:20:39'),
(384,25,'40.11','2025-12-17 19:20:39'),
(384,25,'45.43','2025-12-17 19:20:39'),
(384,25,'50.17','2025-12-17 19:20:39'),
(384,25,'43.58','2025-12-17 19:20:39'),
(384,25,'52.61','2025-12-17 19:20:39'),
(375,21,'48.08','2025-12-17 19:20:39'),
(375,21,'53.17','2025-12-17 19:20:39'),
(375,21,'45.76','2025-12-17 19:20:39'),
(375,21,'49.28','2025-12-17 19:20:39'),
(375,21,'52.85','2025-12-17 19:20:39'),
(375,21,'46.19','2025-12-17 19:20:39'),
(375,21,'47.76','2025-12-17 19:20:39'),
(375,21,'48.83','2025-12-17 19:20:39'),
(375,21,'45.71','2025-12-17 19:20:39'),
(375,21,'47.76','2025-12-17 19:20:39'),
(374,15,'1:19.23','2025-12-17 19:20:39'),
(374,15,'1:13.70','2025-12-17 19:20:39'),
(374,15,'1:13.96','2025-12-17 19:20:39'),
(374,15,'1:15.94','2025-12-17 19:20:39'),
(371,14,'1:21.43','2025-12-17 19:20:39'),
(371,14,'1:21.40','2025-12-17 19:20:39'),
(371,14,'1:21.62','2025-12-17 19:20:39'),
(371,14,'1:25.38','2025-12-17 19:20:39'),
(387,20,'35.78','2025-12-17 19:20:39'),
(387,20,'36.19','2025-12-17 19:20:39'),
(387,20,'36.89','2025-12-17 19:20:39'),
(387,20,'34.29','2025-12-17 19:20:39'),
(387,20,'34.18','2025-12-17 19:20:39'),
(387,20,'35.94','2025-12-17 19:20:39'),
(371,15,'1:35.75','2025-12-17 19:20:39'),
(371,15,'1:32.78','2025-12-17 19:20:39'),
(371,15,'1:34.01','2025-12-17 19:20:39'),
(371,15,'1:32.57','2025-12-17 19:20:39'),
(376,24,'5:11.32','2025-12-17 19:20:39'),
(376,24,'5:04.12','2025-12-17 19:20:39'),
(376,24,'5:20.67','2025-12-17 19:20:39'),
(376,24,'5:08.31','2025-12-17 19:20:39'),
(376,24,'5:04.32','2025-12-17 19:20:39'),
(376,24,'5:06.77','2025-12-17 19:20:39'),
(376,24,'5:13.01','2025-12-17 19:20:39'),
(391,14,'1:21.08','2025-12-17 19:20:39'),
(391,14,'1:11.23','2025-12-17 19:20:39'),
(391,14,'1:12.46','2025-12-17 19:20:39'),
(391,14,'1:16.73','2025-12-17 19:20:39'),
(374,18,'2:19.77','2025-12-17 19:20:39'),
(374,18,'2:41.57','2025-12-17 19:20:39'),
(374,18,'2:27.88','2025-12-17 19:20:39'),
(374,18,'2:37.28','2025-12-17 19:20:39'),
(384,14,'1:20.81','2025-12-17 19:20:39'),
(384,14,'1:23.61','2025-12-17 19:20:39'),
(384,14,'1:24.80','2025-12-17 19:20:39'),
(384,14,'1:22.05','2025-12-17 19:20:39'),
(384,14,'1:22.58','2025-12-17 19:20:39'),
(384,14,'1:23.94','2025-12-17 19:20:39'),
(388,15,'1:12.71','2025-12-17 19:20:39'),
(388,15,'1:19.87','2025-12-17 19:20:39'),
(388,15,'1:14.94','2025-12-17 19:20:39'),
(388,15,'1:11.53','2025-12-17 19:20:39'),
(388,15,'1:14.94','2025-12-17 19:20:39'),
(374,22,'2:48.05','2025-12-17 19:20:39'),
(374,22,'2:44.03','2025-12-17 19:20:39'),
(374,22,'2:38.93','2025-12-17 19:20:39'),
(374,22,'2:54.86','2025-12-17 19:20:39'),
(384,21,'47.44','2025-12-17 19:20:39'),
(384,21,'52.32','2025-12-17 19:20:39'),
(384,21,'57.16','2025-12-17 19:20:39'),
(384,21,'56.77','2025-12-17 19:20:39'),
(391,15,'1:27.10','2025-12-17 19:20:39'),
(391,15,'1:26.21','2025-12-17 19:20:39'),
(391,15,'1:26.42','2025-12-17 19:20:39'),
(391,15,'1:35.79','2025-12-17 19:20:39'),
(391,15,'1:30.47','2025-12-17 19:20:39'),
(381,15,'1:36.54','2025-12-17 19:26:33'),
(381,15,'1:39.10','2025-12-17 19:26:33'),
(381,15,'1:39.45','2025-12-17 19:26:33'),
(381,15,'1:42.87','2025-12-17 19:26:33'),
(372,15,'1:22.57','2025-12-17 19:26:33'),
(372,15,'1:29.64','2025-12-17 19:26:33'),
(372,15,'1:20.39','2025-12-17 19:26:33'),
(372,15,'1:23.83','2025-12-17 19:26:33'),
(390,14,'59.21','2025-12-17 19:26:33'),
(390,14,'59.27','2025-12-17 19:26:33'),
(390,14,'58.67','2025-12-17 19:26:33'),
(390,14,'59.72','2025-12-17 19:26:33'),
(390,14,'59.17','2025-12-17 19:26:33'),
(382,23,'1:28.86','2025-12-17 19:26:33'),
(382,23,'1:29.90','2025-12-17 19:26:33'),
(382,23,'1:28.12','2025-12-17 19:26:33'),
(382,23,'1:28.67','2025-12-17 19:26:33'),
(380,14,'1:06.01','2025-12-17 19:26:33'),
(380,14,'1:06.93','2025-12-17 19:26:33'),
(380,14,'1:05.34','2025-12-17 19:26:33'),
(380,14,'1:06.10','2025-12-17 19:26:33'),
(375,20,'39.07','2025-12-17 19:26:33'),
(375,20,'37.66','2025-12-17 19:26:33'),
(375,20,'36.13','2025-12-17 19:26:33'),
(375,20,'39.42','2025-12-17 19:26:33'),
(388,14,'1:02.13','2025-12-17 19:26:33'),
(388,14,'1:03.25','2025-12-17 19:26:33'),
(388,14,'1:04.16','2025-12-17 19:26:33'),
(388,14,'1:03.17','2025-12-17 19:26:33'),
(388,14,'1:04.84','2025-12-17 19:26:33'),
(388,14,'1:03.88','2025-12-17 19:26:33'),
(388,14,'1:04.87','2025-12-17 19:26:33'),
(381,14,'1:27.31','2025-12-17 19:26:33'),
(381,14,'1:27.00','2025-12-17 19:26:33'),
(381,14,'1:27.46','2025-12-17 19:26:33'),
(381,14,'1:22.50','2025-12-17 19:26:33'),
(381,14,'1:20.39','2025-12-17 19:26:33'),
(381,14,'1:26.04','2025-12-17 19:26:33'),
(381,14,'1:20.22','2025-12-17 19:26:33'),
(377,14,'1:08.87','2025-12-17 19:26:33'),
(377,14,'1:07.34','2025-12-17 19:26:33'),
(377,14,'1:11.00','2025-12-17 19:26:33'),
(377,14,'1:08.62','2025-12-17 19:26:33'),
(377,14,'1:10.94','2025-12-17 19:26:33'),
(377,14,'1:09.52','2025-12-17 19:26:33'),
(377,14,'1:12.04','2025-12-17 19:26:33'),
(377,14,'1:10.91','2025-12-17 19:26:33'),
(376,19,'2:56.68','2025-12-17 19:26:33'),
(376,19,'2:42.63','2025-12-17 19:26:33'),
(376,19,'2:40.90','2025-12-17 19:26:33'),
(376,19,'2:42.88','2025-12-17 19:26:33'),
(376,19,'2:46.09','2025-12-17 19:26:33'),
(376,18,'2:22.64','2025-12-17 19:26:33'),
(376,18,'2:28.16','2025-12-17 19:26:33'),
(376,18,'2:28.38','2025-12-17 19:26:33'),
(376,18,'2:25.08','2025-12-17 19:26:33'),
(376,18,'2:25.64','2025-12-17 19:26:33'),
(376,18,'2:33.58','2025-12-17 19:26:33'),
(378,14,'1:19.04','2025-12-17 19:26:33'),
(378,14,'1:15.88','2025-12-17 19:26:33'),
(378,14,'1:18.62','2025-12-17 19:26:33'),
(378,14,'1:21.74','2025-12-17 19:26:33'),
(384,17,'43.25','2025-12-17 19:26:33'),
(384,17,'47.35','2025-12-17 19:26:33'),
(384,17,'46.12','2025-12-17 19:26:33'),
(384,17,'45.69','2025-12-17 19:26:33'),
(373,14,'1:15.57','2025-12-17 19:26:33'),
(373,14,'1:14.40','2025-12-17 19:26:33'),
(373,14,'1:19.82','2025-12-17 19:26:33'),
(373,14,'1:12.90','2025-12-17 19:26:33'),
(390,19,'2:35.46','2025-12-17 19:26:33'),
(390,19,'2:28.30','2025-12-17 19:26:33'),
(390,19,'2:35.35','2025-12-17 19:26:33'),
(390,19,'2:28.84','2025-12-17 19:26:33'),
(372,16,'1:27.95','2025-12-17 19:26:33'),
(372,16,'1:21.07','2025-12-17 19:26:33'),
(372,16,'1:30.96','2025-12-17 19:26:33'),
(372,16,'1:23.22','2025-12-17 19:26:33'),
(372,16,'1:27.95','2025-12-17 19:26:33'),
(372,16,'1:28.30','2025-12-17 19:26:33'),
(385,23,'1:34.71','2025-12-17 19:26:33'),
(385,23,'1:37.87','2025-12-17 19:26:33'),
(385,23,'1:35.15','2025-12-17 19:26:33'),
(385,23,'1:37.20','2025-12-17 19:26:33'),
(385,23,'1:36.29','2025-12-17 19:26:33'),
(385,23,'1:36.00','2025-12-17 19:26:33'),
(385,23,'1:35.63','2025-12-17 19:26:33'),
(385,23,'1:35.42','2025-12-17 19:26:33'),
(385,23,'1:42.01','2025-12-17 19:26:33'),
(379,20,'45.75','2025-12-17 19:26:33'),
(379,20,'41.62','2025-12-17 19:26:33'),
(379,20,'40.49','2025-12-17 19:26:33'),
(379,20,'41.00','2025-12-17 19:26:33'),
(387,17,'38.79','2025-12-17 19:26:33'),
(387,17,'39.03','2025-12-17 19:26:33'),
(387,17,'41.29','2025-12-17 19:26:33'),
(387,17,'39.66','2025-12-17 19:26:33'),
(387,17,'41.13','2025-12-17 19:26:33'),
(387,17,'38.57','2025-12-17 19:26:33'),
(387,17,'39.40','2025-12-17 19:26:33'),
(387,17,'41.06','2025-12-17 19:26:33'),
(387,17,'40.37','2025-12-17 19:26:33'),
(387,17,'43.05','2025-12-17 19:26:33'),
(387,17,'37.85','2025-12-17 19:26:33'),
(387,25,'39.47','2025-12-17 19:26:33'),
(387,25,'37.30','2025-12-17 19:26:33'),
(387,25,'41.90','2025-12-17 19:26:33'),
(387,25,'42.85','2025-12-17 19:26:33'),
(387,25,'39.90','2025-12-17 19:26:33'),
(387,25,'38.66','2025-12-17 19:26:33'),
(387,25,'38.84','2025-12-17 19:26:33'),
(387,25,'37.65','2025-12-17 19:26:33'),
(387,25,'39.68','2025-12-17 19:26:33'),
(387,25,'37.18','2025-12-17 19:26:33'),
(387,25,'43.61','2025-12-17 19:26:33'),
(384,15,'1:33.36','2025-12-17 19:26:33'),
(384,15,'1:31.52','2025-12-17 19:26:33'),
(384,15,'1:28.10','2025-12-17 19:26:33'),
(384,15,'1:33.37','2025-12-17 19:26:33'),
(384,15,'1:32.89','2025-12-17 19:26:33'),
(384,15,'1:33.38','2025-12-17 19:26:33'),
(384,15,'1:32.03','2025-12-17 19:26:33'),
(384,15,'1:32.71','2025-12-17 19:26:33'),
(377,23,'1:20.59','2025-12-17 19:26:33'),
(377,23,'1:26.48','2025-12-17 19:26:33'),
(377,23,'1:24.15','2025-12-17 19:26:33'),
(377,23,'1:21.96','2025-12-17 19:26:33'),
(372,22,'3:03.84','2025-12-17 19:26:33'),
(372,22,'3:04.27','2025-12-17 19:26:33'),
(372,22,'3:01.49','2025-12-17 19:26:33'),
(372,22,'3:04.27','2025-12-17 19:26:33'),
(372,22,'2:52.44','2025-12-17 19:26:33'),
(389,15,'1:11.34','2025-12-17 19:26:33'),
(389,15,'1:05.81','2025-12-17 19:26:33'),
(389,15,'1:05.75','2025-12-17 19:26:33'),
(389,15,'1:05.82','2025-12-17 19:26:33'),
(389,19,'2:29.06','2025-12-17 19:26:33'),
(389,19,'2:21.49','2025-12-17 19:26:33'),
(389,19,'2:24.13','2025-12-17 19:26:33'),
(389,19,'2:29.40','2025-12-17 19:26:33'),
(375,17,'41.50','2025-12-17 19:26:33'),
(375,17,'43.58','2025-12-17 19:26:33'),
(375,17,'42.35','2025-12-17 19:26:33'),
(375,17,'43.35','2025-12-17 19:26:33'),
(375,17,'39.85','2025-12-17 19:26:33'),
(375,17,'40.53','2025-12-17 19:26:33'),
(375,17,'42.14','2025-12-17 19:26:33'),
(375,17,'39.18','2025-12-17 19:26:33'),
(375,17,'40.89','2025-12-17 19:26:33'),
(375,17,'40.89','2025-12-17 19:26:33'),
(385,14,'1:13.86','2025-12-17 19:26:33'),
(385,14,'1:12.00','2025-12-17 19:26:33'),
(385,14,'1:14.69','2025-12-17 19:26:33'),
(385,14,'1:10.01','2025-12-17 19:26:33'),
(385,14,'1:12.24','2025-12-17 19:26:33'),
(385,14,'1:11.00','2025-12-17 19:26:33'),
(385,14,'1:11.20','2025-12-17 19:26:33'),
(385,14,'1:12.28','2025-12-17 19:26:33'),
(385,14,'1:15.46','2025-12-17 19:26:33'),
(385,14,'1:16.03','2025-12-17 19:26:33'),
(378,26,'3:27.51','2025-12-17 19:26:33'),
(378,26,'3:34.70','2025-12-17 19:26:33'),
(378,26,'3:27.15','2025-12-17 19:26:33'),
(378,26,'3:28.45','2025-12-17 19:26:33'),
(378,26,'3:34.79','2025-12-17 19:26:33'),
(378,26,'3:30.21','2025-12-17 19:26:33'),
(378,26,'3:33.74','2025-12-17 19:26:33'),
(386,23,'2:01.15','2025-12-17 19:26:33'),
(386,23,'1:57.86','2025-12-17 19:26:33'),
(386,23,'1:59.38','2025-12-17 19:26:33'),
(386,23,'1:57.94','2025-12-17 19:26:33'),
(386,23,'1:56.97','2025-12-17 19:26:33'),
(386,14,'1:32.21','2025-12-17 19:26:33'),
(386,14,'1:33.68','2025-12-17 19:26:33'),
(386,14,'1:34.10','2025-12-17 19:26:33'),
(386,14,'1:28.57','2025-12-17 19:26:33'),
(388,16,'1:11.49','2025-12-17 19:26:33'),
(388,16,'1:10.16','2025-12-17 19:26:33'),
(388,16,'1:12.59','2025-12-17 19:26:33'),
(388,16,'1:11.63','2025-12-17 19:26:33'),
(388,16,'1:09.43','2025-12-17 19:26:33'),
(374,14,'1:02.52','2025-12-17 19:26:33'),
(374,14,'1:02.56','2025-12-17 19:26:33'),
(374,14,'1:06.41','2025-12-17 19:26:33'),
(374,14,'1:07.08','2025-12-17 19:26:33'),
(374,14,'1:02.56','2025-12-17 19:26:33'),
(374,14,'1:03.23','2025-12-17 19:26:33'),
(374,14,'1:04.54','2025-12-17 19:26:33'),
(383,20,'30.05','2025-12-17 19:26:33'),
(383,20,'30.21','2025-12-17 19:26:33'),
(383,20,'28.86','2025-12-17 19:26:33'),
(383,20,'30.65','2025-12-17 19:26:33'),
(383,20,'30.03','2025-12-17 19:26:33'),
(383,20,'29.64','2025-12-17 19:26:33'),
(383,20,'29.82','2025-12-17 19:26:33'),
(392,15,'1:29.78','2025-12-17 19:26:33'),
(392,15,'1:28.38','2025-12-17 19:26:33'),
(392,15,'1:25.03','2025-12-17 19:26:33'),
(392,15,'1:25.66','2025-12-17 19:26:33'),
(378,23,'1:36.72','2025-12-17 19:26:33'),
(378,23,'1:34.78','2025-12-17 19:26:33'),
(378,23,'1:34.05','2025-12-17 19:26:33'),
(378,23,'1:32.78','2025-12-17 19:26:33'),
(378,23,'1:33.51','2025-12-17 19:26:33'),
(378,23,'1:33.29','2025-12-17 19:26:33'),
(378,23,'1:36.47','2025-12-17 19:26:33'),
(378,23,'1:31.82','2025-12-17 19:26:33'),
(382,15,'1:21.76','2025-12-17 19:26:33'),
(382,15,'1:23.32','2025-12-17 19:26:33'),
(382,15,'1:24.09','2025-12-17 19:26:33'),
(382,15,'1:21.51','2025-12-17 19:26:33'),
(375,15,'1:31.59','2025-12-17 19:26:33'),
(375,15,'1:26.55','2025-12-17 19:26:33'),
(375,15,'1:28.75','2025-12-17 19:26:33'),
(375,15,'1:39.79','2025-12-17 19:26:33'),
(375,15,'1:32.37','2025-12-17 19:26:33'),
(384,23,'1:50.10','2025-12-17 19:26:33'),
(384,23,'1:47.12','2025-12-17 19:26:33'),
(384,23,'1:54.65','2025-12-17 19:26:33'),
(384,23,'1:51.03','2025-12-17 19:26:33'),
(374,16,'1:14.55','2025-12-17 19:26:33'),
(374,16,'1:14.15','2025-12-17 19:26:33'),
(374,16,'1:08.38','2025-12-17 19:26:33'),
(374,16,'1:08.74','2025-12-17 19:26:33'),
(374,16,'1:10.89','2025-12-17 19:26:33'),
(374,16,'1:09.47','2025-12-17 19:26:33'),
(374,16,'1:09.52','2025-12-17 19:26:33'),
(374,16,'1:09.86','2025-12-17 19:26:33'),
(374,16,'1:09.83','2025-12-17 19:26:33'),
(372,23,'1:30.24','2025-12-17 19:26:33'),
(372,23,'1:33.18','2025-12-17 19:26:33'),
(372,23,'1:32.73','2025-12-17 19:26:33'),
(372,23,'1:33.05','2025-12-17 19:26:33'),
(372,23,'1:30.81','2025-12-17 19:26:33'),
(372,23,'1:31.74','2025-12-17 19:26:33'),
(372,23,'1:31.53','2025-12-17 19:26:33'),
(372,23,'1:33.05','2025-12-17 19:26:33'),
(377,15,'1:19.63','2025-12-17 19:26:33'),
(377,15,'1:16.69','2025-12-17 19:26:33'),
(377,15,'1:19.68','2025-12-17 19:26:33'),
(377,15,'1:16.56','2025-12-17 19:26:33'),
(384,20,'38.94','2025-12-17 19:26:33'),
(384,20,'37.76','2025-12-17 19:26:33'),
(384,20,'41.83','2025-12-17 19:26:33'),
(384,20,'42.81','2025-12-17 19:26:33'),
(376,15,'1:17.16','2025-12-17 19:26:33'),
(376,15,'1:16.65','2025-12-17 19:26:33'),
(376,15,'1:23.11','2025-12-17 19:26:33'),
(376,15,'1:14.37','2025-12-17 19:26:33'),
(376,15,'1:18.16','2025-12-17 19:26:33'),
(376,15,'1:18.28','2025-12-17 19:26:33'),
(376,15,'1:16.87','2025-12-17 19:26:33'),
(376,15,'1:17.37','2025-12-17 19:26:33'),
(376,15,'1:20.46','2025-12-17 19:26:33'),
(377,26,'2:54.14','2025-12-17 19:26:33'),
(377,26,'3:03.58','2025-12-17 19:26:33'),
(377,26,'3:02.43','2025-12-17 19:26:33'),
(377,26,'2:57.99','2025-12-17 19:26:33'),
(376,14,'1:07.99','2025-12-17 19:26:33'),
(376,14,'1:11.87','2025-12-17 19:26:33'),
(376,14,'1:11.08','2025-12-17 19:26:33'),
(376,14,'1:09.75','2025-12-17 19:26:33'),
(375,23,'1:42.97','2025-12-17 19:26:33'),
(375,23,'1:43.31','2025-12-17 19:26:33'),
(375,23,'1:43.50','2025-12-17 19:26:33'),
(375,23,'1:40.34','2025-12-17 19:26:33'),
(384,25,'40.11','2025-12-17 19:26:33'),
(384,25,'45.43','2025-12-17 19:26:33'),
(384,25,'50.17','2025-12-17 19:26:33'),
(384,25,'43.58','2025-12-17 19:26:33'),
(384,25,'52.61','2025-12-17 19:26:33'),
(375,21,'48.08','2025-12-17 19:26:33'),
(375,21,'53.17','2025-12-17 19:26:33'),
(375,21,'45.76','2025-12-17 19:26:33'),
(375,21,'49.28','2025-12-17 19:26:33'),
(375,21,'52.85','2025-12-17 19:26:33'),
(375,21,'46.19','2025-12-17 19:26:33'),
(375,21,'47.76','2025-12-17 19:26:33'),
(375,21,'48.83','2025-12-17 19:26:33'),
(375,21,'45.71','2025-12-17 19:26:33'),
(375,21,'47.76','2025-12-17 19:26:33'),
(374,15,'1:19.23','2025-12-17 19:26:33'),
(374,15,'1:13.70','2025-12-17 19:26:33'),
(374,15,'1:13.96','2025-12-17 19:26:33'),
(374,15,'1:15.94','2025-12-17 19:26:33'),
(371,14,'1:21.43','2025-12-17 19:26:33'),
(371,14,'1:21.40','2025-12-17 19:26:33'),
(371,14,'1:21.62','2025-12-17 19:26:33'),
(371,14,'1:25.38','2025-12-17 19:26:33'),
(387,20,'35.78','2025-12-17 19:26:33'),
(387,20,'36.19','2025-12-17 19:26:33'),
(387,20,'36.89','2025-12-17 19:26:33'),
(387,20,'34.29','2025-12-17 19:26:33'),
(387,20,'34.18','2025-12-17 19:26:33'),
(387,20,'35.94','2025-12-17 19:26:33'),
(371,15,'1:35.75','2025-12-17 19:26:33'),
(371,15,'1:32.78','2025-12-17 19:26:33'),
(371,15,'1:34.01','2025-12-17 19:26:33'),
(371,15,'1:32.57','2025-12-17 19:26:33'),
(376,24,'5:11.32','2025-12-17 19:26:33'),
(376,24,'5:04.12','2025-12-17 19:26:33'),
(376,24,'5:20.67','2025-12-17 19:26:33'),
(376,24,'5:08.31','2025-12-17 19:26:33'),
(376,24,'5:04.32','2025-12-17 19:26:33'),
(376,24,'5:06.77','2025-12-17 19:26:33'),
(376,24,'5:13.01','2025-12-17 19:26:33'),
(391,14,'1:21.08','2025-12-17 19:26:33'),
(391,14,'1:11.23','2025-12-17 19:26:33'),
(391,14,'1:12.46','2025-12-17 19:26:33'),
(391,14,'1:16.73','2025-12-17 19:26:33'),
(374,18,'2:19.77','2025-12-17 19:26:33'),
(374,18,'2:41.57','2025-12-17 19:26:33'),
(374,18,'2:27.88','2025-12-17 19:26:33'),
(374,18,'2:37.28','2025-12-17 19:26:33'),
(384,14,'1:20.81','2025-12-17 19:26:33'),
(384,14,'1:23.61','2025-12-17 19:26:33'),
(384,14,'1:24.80','2025-12-17 19:26:33'),
(384,14,'1:22.05','2025-12-17 19:26:33'),
(384,14,'1:22.58','2025-12-17 19:26:33'),
(384,14,'1:23.94','2025-12-17 19:26:33'),
(388,15,'1:12.71','2025-12-17 19:26:33'),
(388,15,'1:19.87','2025-12-17 19:26:33'),
(388,15,'1:14.94','2025-12-17 19:26:33'),
(388,15,'1:11.53','2025-12-17 19:26:33'),
(388,15,'1:14.94','2025-12-17 19:26:33'),
(374,22,'2:48.05','2025-12-17 19:26:33'),
(374,22,'2:44.03','2025-12-17 19:26:33'),
(374,22,'2:38.93','2025-12-17 19:26:33'),
(374,22,'2:54.86','2025-12-17 19:26:33'),
(384,21,'47.44','2025-12-17 19:26:33'),
(384,21,'52.32','2025-12-17 19:26:33'),
(384,21,'57.16','2025-12-17 19:26:33'),
(384,21,'56.77','2025-12-17 19:26:33'),
(391,15,'1:27.10','2025-12-17 19:26:33'),
(391,15,'1:26.21','2025-12-17 19:26:33'),
(391,15,'1:26.42','2025-12-17 19:26:33'),
(391,15,'1:35.79','2025-12-17 19:26:33'),
(391,15,'1:30.47','2025-12-17 19:26:33'),
(372,15,'1:22.57','2025-12-17 19:29:06'),
(372,15,'1:29.64','2025-12-17 19:29:06'),
(372,15,'1:23.83','2025-12-17 19:29:06'),
(372,15,'1:20.39','2025-12-17 19:29:06'),
(390,14,'58.67','2025-12-17 19:29:06'),
(390,14,'59.72','2025-12-17 19:29:06'),
(390,14,'59.21','2025-12-17 19:29:06'),
(390,14,'59.27','2025-12-17 19:29:06'),
(390,14,'59.17','2025-12-17 19:29:06'),
(388,14,'1:02.13','2025-12-17 19:29:06'),
(388,14,'1:03.17','2025-12-17 19:29:06'),
(388,14,'1:04.84','2025-12-17 19:29:06'),
(388,14,'1:03.88','2025-12-17 19:29:06'),
(388,14,'1:04.87','2025-12-17 19:29:06'),
(388,14,'1:04.16','2025-12-17 19:29:06'),
(388,14,'1:03.25','2025-12-17 19:29:06'),
(393,21,'47.76','2025-12-17 19:29:06'),
(393,21,'46.19','2025-12-17 19:29:06'),
(393,21,'49.28','2025-12-17 19:29:06'),
(393,21,'45.71','2025-12-17 19:29:06'),
(393,21,'48.08','2025-12-17 19:29:06'),
(393,21,'53.17','2025-12-17 19:29:06'),
(393,21,'48.83','2025-12-17 19:29:06'),
(393,21,'52.85','2025-12-17 19:29:06'),
(393,21,'47.76','2025-12-17 19:29:06'),
(393,21,'45.76','2025-12-17 19:29:06'),
(384,17,'46.12','2025-12-17 19:29:06'),
(384,17,'47.35','2025-12-17 19:29:06'),
(384,17,'43.25','2025-12-17 19:29:06'),
(384,17,'45.69','2025-12-17 19:29:06'),
(373,14,'1:14.40','2025-12-17 19:29:06'),
(373,14,'1:15.57','2025-12-17 19:29:06'),
(373,14,'1:19.82','2025-12-17 19:29:06'),
(373,14,'1:12.90','2025-12-17 19:29:06'),
(390,19,'2:35.46','2025-12-17 19:29:06'),
(390,19,'2:28.30','2025-12-17 19:29:06'),
(390,19,'2:28.84','2025-12-17 19:29:06'),
(390,19,'2:35.35','2025-12-17 19:29:06'),
(372,16,'1:23.22','2025-12-17 19:29:06'),
(372,16,'1:21.07','2025-12-17 19:29:06'),
(372,16,'1:27.95','2025-12-17 19:29:06'),
(372,16,'1:27.95','2025-12-17 19:29:06'),
(372,16,'1:28.30','2025-12-17 19:29:06'),
(372,16,'1:30.96','2025-12-17 19:29:06'),
(379,20,'41.62','2025-12-17 19:29:06'),
(379,20,'40.49','2025-12-17 19:29:06'),
(379,20,'41.00','2025-12-17 19:29:06'),
(379,20,'45.75','2025-12-17 19:29:06'),
(393,20,'39.42','2025-12-17 19:29:06'),
(393,20,'36.13','2025-12-17 19:29:06'),
(393,20,'37.66','2025-12-17 19:29:06'),
(393,20,'39.07','2025-12-17 19:29:06'),
(384,15,'1:32.71','2025-12-17 19:29:06'),
(384,15,'1:28.10','2025-12-17 19:29:06'),
(384,15,'1:33.36','2025-12-17 19:29:06'),
(384,15,'1:32.89','2025-12-17 19:29:06'),
(384,15,'1:33.37','2025-12-17 19:29:06'),
(384,15,'1:31.52','2025-12-17 19:29:06'),
(384,15,'1:33.38','2025-12-17 19:29:06'),
(384,15,'1:32.03','2025-12-17 19:29:06'),
(372,22,'2:52.44','2025-12-17 19:29:06'),
(372,22,'3:01.49','2025-12-17 19:29:06'),
(372,22,'3:04.27','2025-12-17 19:29:06'),
(372,22,'3:04.27','2025-12-17 19:29:06'),
(372,22,'3:03.84','2025-12-17 19:29:06'),
(388,16,'1:12.59','2025-12-17 19:29:06'),
(388,16,'1:11.63','2025-12-17 19:29:06'),
(388,16,'1:09.43','2025-12-17 19:29:06'),
(388,16,'1:10.16','2025-12-17 19:29:06'),
(388,16,'1:11.49','2025-12-17 19:29:06'),
(384,27,'1:35.96','2025-12-17 19:29:06'),
(384,27,'1:31.58','2025-12-17 19:29:06'),
(384,27,'1:32.96','2025-12-17 19:29:06'),
(384,27,'1:35.82','2025-12-17 19:29:06'),
(375,15,'1:26.55','2025-12-17 19:29:06'),
(375,15,'1:39.79','2025-12-17 19:29:06'),
(375,15,'1:28.75','2025-12-17 19:29:06'),
(375,15,'1:32.37','2025-12-17 19:29:06'),
(375,15,'1:31.59','2025-12-17 19:29:06'),
(393,17,'40.89','2025-12-17 19:29:06'),
(393,17,'41.50','2025-12-17 19:29:06'),
(393,17,'42.35','2025-12-17 19:29:06'),
(393,17,'40.53','2025-12-17 19:29:06'),
(393,17,'40.89','2025-12-17 19:29:06'),
(393,17,'42.14','2025-12-17 19:29:06'),
(393,17,'43.58','2025-12-17 19:29:06'),
(393,17,'39.85','2025-12-17 19:29:06'),
(393,17,'43.35','2025-12-17 19:29:06'),
(393,17,'39.18','2025-12-17 19:29:06'),
(384,23,'1:54.65','2025-12-17 19:29:06'),
(384,23,'1:51.03','2025-12-17 19:29:06'),
(384,23,'1:47.12','2025-12-17 19:29:06'),
(384,23,'1:50.10','2025-12-17 19:29:06'),
(372,23,'1:30.24','2025-12-17 19:29:06'),
(372,23,'1:33.05','2025-12-17 19:29:06'),
(372,23,'1:33.05','2025-12-17 19:29:06'),
(372,23,'1:32.73','2025-12-17 19:29:06'),
(372,23,'1:30.81','2025-12-17 19:29:06'),
(372,23,'1:33.18','2025-12-17 19:29:06'),
(372,23,'1:31.74','2025-12-17 19:29:06'),
(372,23,'1:31.53','2025-12-17 19:29:06'),
(384,20,'37.76','2025-12-17 19:29:06'),
(384,20,'38.94','2025-12-17 19:29:06'),
(384,20,'41.83','2025-12-17 19:29:06'),
(384,20,'42.81','2025-12-17 19:29:06'),
(375,23,'1:42.97','2025-12-17 19:29:06'),
(375,23,'1:43.31','2025-12-17 19:29:06'),
(375,23,'1:40.34','2025-12-17 19:29:06'),
(375,23,'1:43.50','2025-12-17 19:29:06'),
(384,25,'52.61','2025-12-17 19:29:06'),
(384,25,'40.11','2025-12-17 19:29:06'),
(384,25,'43.58','2025-12-17 19:29:06'),
(384,25,'50.17','2025-12-17 19:29:06'),
(384,25,'45.43','2025-12-17 19:29:06'),
(384,14,'1:24.80','2025-12-17 19:29:06'),
(384,14,'1:20.81','2025-12-17 19:29:06'),
(384,14,'1:23.61','2025-12-17 19:29:06'),
(384,14,'1:23.94','2025-12-17 19:29:06'),
(384,14,'1:22.05','2025-12-17 19:29:06'),
(384,14,'1:22.58','2025-12-17 19:29:06'),
(388,15,'1:19.87','2025-12-17 19:29:06'),
(388,15,'1:11.53','2025-12-17 19:29:06'),
(388,15,'1:14.94','2025-12-17 19:29:06'),
(388,15,'1:12.71','2025-12-17 19:29:06'),
(388,15,'1:14.94','2025-12-17 19:29:06'),
(384,21,'56.77','2025-12-17 19:29:06'),
(384,21,'57.16','2025-12-17 19:29:06'),
(384,21,'47.44','2025-12-17 19:29:06'),
(384,21,'52.32','2025-12-17 19:29:06'),
(372,15,'1:22.57','2025-12-17 19:29:13'),
(372,15,'1:29.64','2025-12-17 19:29:13'),
(372,15,'1:23.83','2025-12-17 19:29:13'),
(372,15,'1:20.39','2025-12-17 19:29:13'),
(390,14,'58.67','2025-12-17 19:29:13'),
(390,14,'59.72','2025-12-17 19:29:13'),
(390,14,'59.21','2025-12-17 19:29:13'),
(390,14,'59.27','2025-12-17 19:29:13'),
(390,14,'59.17','2025-12-17 19:29:13'),
(388,14,'1:02.13','2025-12-17 19:29:13'),
(388,14,'1:03.17','2025-12-17 19:29:13'),
(388,14,'1:04.84','2025-12-17 19:29:13'),
(388,14,'1:03.88','2025-12-17 19:29:13'),
(388,14,'1:04.87','2025-12-17 19:29:13'),
(388,14,'1:04.16','2025-12-17 19:29:13'),
(388,14,'1:03.25','2025-12-17 19:29:13'),
(393,21,'47.76','2025-12-17 19:29:13'),
(393,21,'46.19','2025-12-17 19:29:13'),
(393,21,'49.28','2025-12-17 19:29:13'),
(393,21,'45.71','2025-12-17 19:29:13'),
(393,21,'48.08','2025-12-17 19:29:13'),
(393,21,'53.17','2025-12-17 19:29:13'),
(393,21,'48.83','2025-12-17 19:29:13'),
(393,21,'52.85','2025-12-17 19:29:13'),
(393,21,'47.76','2025-12-17 19:29:13'),
(393,21,'45.76','2025-12-17 19:29:13'),
(384,17,'46.12','2025-12-17 19:29:13'),
(384,17,'47.35','2025-12-17 19:29:13'),
(384,17,'43.25','2025-12-17 19:29:13'),
(384,17,'45.69','2025-12-17 19:29:13'),
(373,14,'1:14.40','2025-12-17 19:29:13'),
(373,14,'1:15.57','2025-12-17 19:29:13'),
(373,14,'1:19.82','2025-12-17 19:29:13'),
(373,14,'1:12.90','2025-12-17 19:29:13'),
(390,19,'2:35.46','2025-12-17 19:29:13'),
(390,19,'2:28.30','2025-12-17 19:29:13'),
(390,19,'2:28.84','2025-12-17 19:29:13'),
(390,19,'2:35.35','2025-12-17 19:29:13'),
(372,16,'1:23.22','2025-12-17 19:29:13'),
(372,16,'1:21.07','2025-12-17 19:29:13'),
(372,16,'1:27.95','2025-12-17 19:29:13'),
(372,16,'1:27.95','2025-12-17 19:29:13'),
(372,16,'1:28.30','2025-12-17 19:29:13'),
(372,16,'1:30.96','2025-12-17 19:29:13'),
(379,20,'41.62','2025-12-17 19:29:13'),
(379,20,'40.49','2025-12-17 19:29:13'),
(379,20,'41.00','2025-12-17 19:29:13'),
(379,20,'45.75','2025-12-17 19:29:13'),
(393,20,'39.42','2025-12-17 19:29:13'),
(393,20,'36.13','2025-12-17 19:29:13'),
(393,20,'37.66','2025-12-17 19:29:13'),
(393,20,'39.07','2025-12-17 19:29:13'),
(384,15,'1:32.71','2025-12-17 19:29:13'),
(384,15,'1:28.10','2025-12-17 19:29:13'),
(384,15,'1:33.36','2025-12-17 19:29:13'),
(384,15,'1:32.89','2025-12-17 19:29:13'),
(384,15,'1:33.37','2025-12-17 19:29:13'),
(384,15,'1:31.52','2025-12-17 19:29:13'),
(384,15,'1:33.38','2025-12-17 19:29:13'),
(384,15,'1:32.03','2025-12-17 19:29:13'),
(372,22,'2:52.44','2025-12-17 19:29:13'),
(372,22,'3:01.49','2025-12-17 19:29:13'),
(372,22,'3:04.27','2025-12-17 19:29:13'),
(372,22,'3:04.27','2025-12-17 19:29:13'),
(372,22,'3:03.84','2025-12-17 19:29:13'),
(388,16,'1:12.59','2025-12-17 19:29:13'),
(388,16,'1:11.63','2025-12-17 19:29:13'),
(388,16,'1:09.43','2025-12-17 19:29:13'),
(388,16,'1:10.16','2025-12-17 19:29:13'),
(388,16,'1:11.49','2025-12-17 19:29:13'),
(384,27,'1:35.96','2025-12-17 19:29:13'),
(384,27,'1:31.58','2025-12-17 19:29:13'),
(384,27,'1:32.96','2025-12-17 19:29:13'),
(384,27,'1:35.82','2025-12-17 19:29:13'),
(375,15,'1:26.55','2025-12-17 19:29:13'),
(375,15,'1:39.79','2025-12-17 19:29:13'),
(375,15,'1:28.75','2025-12-17 19:29:13'),
(375,15,'1:32.37','2025-12-17 19:29:13'),
(375,15,'1:31.59','2025-12-17 19:29:13'),
(393,17,'40.89','2025-12-17 19:29:13'),
(393,17,'41.50','2025-12-17 19:29:13'),
(393,17,'42.35','2025-12-17 19:29:13'),
(393,17,'40.53','2025-12-17 19:29:13'),
(393,17,'40.89','2025-12-17 19:29:13'),
(393,17,'42.14','2025-12-17 19:29:13'),
(393,17,'43.58','2025-12-17 19:29:13'),
(393,17,'39.85','2025-12-17 19:29:13'),
(393,17,'43.35','2025-12-17 19:29:13'),
(393,17,'39.18','2025-12-17 19:29:13'),
(384,23,'1:54.65','2025-12-17 19:29:13'),
(384,23,'1:51.03','2025-12-17 19:29:13'),
(384,23,'1:47.12','2025-12-17 19:29:13'),
(384,23,'1:50.10','2025-12-17 19:29:13'),
(372,23,'1:30.24','2025-12-17 19:29:13'),
(372,23,'1:33.05','2025-12-17 19:29:13'),
(372,23,'1:33.05','2025-12-17 19:29:13'),
(372,23,'1:32.73','2025-12-17 19:29:13'),
(372,23,'1:30.81','2025-12-17 19:29:13'),
(372,23,'1:33.18','2025-12-17 19:29:13'),
(372,23,'1:31.74','2025-12-17 19:29:13'),
(372,23,'1:31.53','2025-12-17 19:29:13'),
(384,20,'37.76','2025-12-17 19:29:13'),
(384,20,'38.94','2025-12-17 19:29:13'),
(384,20,'41.83','2025-12-17 19:29:13'),
(384,20,'42.81','2025-12-17 19:29:13'),
(375,23,'1:42.97','2025-12-17 19:29:13'),
(375,23,'1:43.31','2025-12-17 19:29:13'),
(375,23,'1:40.34','2025-12-17 19:29:13'),
(375,23,'1:43.50','2025-12-17 19:29:13'),
(384,25,'52.61','2025-12-17 19:29:13'),
(384,25,'40.11','2025-12-17 19:29:13'),
(384,25,'43.58','2025-12-17 19:29:13'),
(384,25,'50.17','2025-12-17 19:29:13'),
(384,25,'45.43','2025-12-17 19:29:13'),
(384,14,'1:24.80','2025-12-17 19:29:13'),
(384,14,'1:20.81','2025-12-17 19:29:13'),
(384,14,'1:23.61','2025-12-17 19:29:13'),
(384,14,'1:23.94','2025-12-17 19:29:13'),
(384,14,'1:22.05','2025-12-17 19:29:13'),
(384,14,'1:22.58','2025-12-17 19:29:13'),
(388,15,'1:19.87','2025-12-17 19:29:13'),
(388,15,'1:11.53','2025-12-17 19:29:13'),
(388,15,'1:14.94','2025-12-17 19:29:13'),
(388,15,'1:12.71','2025-12-17 19:29:13'),
(388,15,'1:14.94','2025-12-17 19:29:13'),
(384,21,'56.77','2025-12-17 19:29:13'),
(384,21,'57.16','2025-12-17 19:29:13'),
(384,21,'47.44','2025-12-17 19:29:13'),
(384,21,'52.32','2025-12-17 19:29:13');
/*!40000 ALTER TABLE `times` ENABLE KEYS */;
UNLOCK TABLES;
commit;
/*!40103 SET TIME_ZONE=@OLD_TIME_ZONE */;

/*!40101 SET SQL_MODE=@OLD_SQL_MODE */;
/*!40014 SET FOREIGN_KEY_CHECKS=@OLD_FOREIGN_KEY_CHECKS */;
/*!40014 SET UNIQUE_CHECKS=@OLD_UNIQUE_CHECKS */;
/*!40101 SET CHARACTER_SET_CLIENT=@OLD_CHARACTER_SET_CLIENT */;
/*!40101 SET CHARACTER_SET_RESULTS=@OLD_CHARACTER_SET_RESULTS */;
/*!40101 SET COLLATION_CONNECTION=@OLD_COLLATION_CONNECTION */;
/*M!100616 SET NOTE_VERBOSITY=@OLD_NOTE_VERBOSITY */;

-- Dump completed on 2025-12-17 18:45:36
